# clé française | english | español | português   (ligne = une traduction)
Espace d'entraînement personnel.|Personal training space.|Espacio de entrenamiento personal.|Espaço de treino pessoal.
Saisissez le code d'accès puis votre prénom : chaque profil conserve son propre historique, horodaté à la seconde.|Enter the access code, then your first name: each profile keeps its own history, time-stamped to the second.|Introduce el código de acceso y tu nombre: cada perfil conserva su propio historial, con fecha y hora exactas.|Introduza o código de acesso e o seu nome: cada perfil mantém o seu próprio histórico, com data e hora exatas.
Code d'accès|Access code|Código de acceso|Código de acesso
Prénom|First name|Nombre|Nome
Accéder|Enter|Acceder|Entrar
Code d'accès incorrect.|Incorrect access code.|Código de acceso incorrecto.|Código de acesso incorreto.
Indiquez votre prénom.|Please enter your first name.|Introduce tu nombre.|Introduza o seu nome.
Profils enregistrés sur cet appareil|Profiles saved on this device|Perfiles guardados en este dispositivo|Perfis guardados neste dispositivo
Accès réservé — reproduction et diffusion interdites.|Restricted access — copying and distribution prohibited.|Acceso restringido — prohibida su reproducción y difusión.|Acesso restrito — reprodução e difusão proibidas.
Données stockées uniquement dans ce navigateur.|Data stored only in this browser.|Datos almacenados únicamente en este navegador.|Dados guardados apenas neste navegador.
Accueil|Home|Inicio|Início
Progression|Progress|Progreso|Progresso
Aide & réglages|Help & settings|Ayuda y ajustes|Ajuda e definições
Changer de profil|Switch profile|Cambiar de perfil|Mudar de perfil
Changer|Switch|Cambiar|Mudar
Français (UE)|French (EU)|Francés (UE)|Francês (UE)
Español|Spanish|Español|Espanhol
Português|Portuguese|Portugués|Português
Langue des consignes pendant les exercices|Language of the instructions during the exercises|Idioma de las instrucciones durante los ejercicios|Idioma das instruções durante os exercícios
Jouer un bip à chaque bonne / mauvaise réponse|Play a beep on each right / wrong answer|Emitir un pitido en cada respuesta correcta / incorrecta|Emitir um sinal sonoro em cada resposta certa / errada
Signal sonore|Sound|Sonido|Som
Thème sombre|Dark theme|Tema oscuro|Tema escuro
Basculer l'affichage en mode sombre|Switch to dark mode|Cambiar a modo oscuro|Mudar para modo escuro
Basculer le thème sombre|Toggle dark theme|Alternar el tema oscuro|Alternar o tema escuro
usage personnel|personal use|uso personal|uso pessoal
Calvin MINANG · usage personnel|Calvin MINANG · personal use|Calvin MINANG · uso personal|Calvin MINANG · uso pessoal
Usage personnel|Personal use|Uso personal|Uso pessoal
Bienvenue dans votre entraînement|Welcome to your training|Bienvenido a tu entrenamiento|Bem-vindo ao seu treino
Tâches à accomplir|Tasks to complete|Tareas por completar|Tarefas a realizar
Progression de l'entraînement|Training progress|Progreso del entrenamiento|Progresso do treino
Vous trouverez ci-dessous la liste des tâches d'entraînement. Vous devez accomplir toutes ces tâches avant le test.|Below is the list of training tasks. You must complete all of them before the test.|A continuación encontrará la lista de tareas de entrenamiento. Debe completarlas todas antes de la prueba.|Abaixo está a lista de tarefas de treino. Deve concluí-las todas antes do teste.
Veillez à vous assurer que vous êtes dans un environnement confortable, où vous pouvez vous concentrer sans être interrompu(e).|Make sure you are in a comfortable environment where you can concentrate without interruptions.|Asegúrese de estar en un entorno cómodo, donde pueda concentrarse sin interrupciones.|Certifique-se de que está num ambiente confortável, onde se possa concentrar sem interrupções.
Avant de commencer chaque exercice, vous pouvez sélectionner la langue des consignes qui vous convient le mieux.|Before starting each exercise, you can select the instruction language that suits you best.|Antes de empezar cada ejercicio, puede seleccionar el idioma de las instrucciones que más le convenga.|Antes de começar cada exercício, pode selecionar o idioma das instruções que mais lhe convém.
Les banques de questions marquées|Question banks marked|Los bancos de preguntas marcados|Os bancos de perguntas marcados
sont illimitées (style et règles identiques) ; les autres reprennent un contenu figé, identique à chaque session.|are unlimited (same style and rules); the others use a fixed content, identical in every session.|son ilimitados (mismo estilo y reglas); los demás usan un contenido fijo, idéntico en cada sesión.|são ilimitados (mesmo estilo e regras); os restantes usam um conteúdo fixo, idêntico em cada sessão.
banque illimitée|unlimited bank|banco ilimitado|banco ilimitado
banque figée|fixed bank|banco fijo|banco fixo
jamais faite|never done|nunca hecha|nunca feita
Pas encore commencée|Not started yet|Aún no empezada|Ainda não iniciada
En progrès|In progress|En progreso|Em progresso
Précision globale|Overall accuracy|Precisión global|Precisão global
Série en cours|Current streak|Racha actual|Sequência atual
Objectif : une session par jour|Goal: one session per day|Objetivo: una sesión al día|Objetivo: uma sessão por dia
Cible « 50 réponses »|Target “50 answers”|Objetivo «50 respuestas»|Meta «50 respostas»
Objectif atteint ✔|Target reached ✔|Objetivo alcanzado ✔|Objetivo alcançado ✔
Batterie anglaise illimitée|Unlimited English battery|Batería de inglés ilimitada|Bateria de inglês ilimitada
de travail cumulé|of cumulative work|de trabajo acumulado|de trabalho acumulado
bonnes réponses|correct answers|respuestas correctas|respostas certas
Temps cumulé|Total time|Tiempo acumulado|Tempo acumulado
Objectifs imposés|Set targets|Objetivos impuestos|Objetivos definidos
Par défaut|By default|Por defecto|Por predefinição
Par section|By section|Por sección|Por secção
Depuis le début|Since the beginning|Desde el principio|Desde o início
depuis le début|since the beginning|desde el principio|desde o início
Aucun résultat n'est donné.|No result is given.|No se da ningún resultado.|Não é dado nenhum resultado.
Méthode :|Method:|Método:|Método:
Plan d'action|Action plan|Plan de acción|Plano de ação
Contenus à revoir|Content to review|Contenidos por repasar|Conteúdos a rever
Début|Start|Empezar|Começar
Détails|Details|Detalles|Detalhes
Test cible (BNP Paribas) : du 7 au 9 octobre|Target test: 7 to 9 October|Prueba objetivo: del 7 al 9 de octubre|Teste alvo: de 7 a 9 de outubro
une seule tentative autorisée.|only one attempt allowed.|solo se permite un intento.|apenas uma tentativa permitida.
Voir ma progression détaillée →|See my detailed progress →|Ver mi progreso detallado →|Ver o meu progresso detalhado →
Fenêtre en cours|Window in progress|Ventana en curso|Janela em curso
aujourd'hui|today|hoy|hoje
Simulation complète — conditions d'examen|Full simulation — exam conditions|Simulación completa — condiciones de examen|Simulação completa — condições de exame
Simulation complète|Full simulation|Simulación completa|Simulação completa
Raisonnement verbal|Verbal reasoning|Razonamiento verbal|Raciocínio verbal
Raisonnement numérique|Numerical reasoning|Razonamiento numérico|Raciocínio numérico
Déductif|Deductive|Deductivo|Dedutivo
Raisonnement déductif|Deductive reasoning|Razonamiento deductivo|Raciocínio dedutivo
Inductif|Inductive|Inductivo|Indutivo
Raisonnement inductif|Inductive reasoning|Razonamiento inductivo|Raciocínio indutivo
Capacité de concentration|Concentration capacity|Capacidad de concentración|Capacidade de concentração
Concentration avancée|Advanced concentration|Concentración avanzada|Concentração avançada
Efficacité d'apprentissage|Learning efficiency|Eficacia de aprendizaje|Eficácia de aprendizagem
Mémoire de travail|Working memory|Memoria de trabajo|Memória de trabalho
Traitement de l'information|Information processing|Tratamiento de la información|Tratamento da informação
Valeur de l'information|Value of information|Valor de la información|Valor da informação
Raisonnement mécanique|Mechanical reasoning|Razonamiento mecánico|Raciocínio mecânico
Comportement professionnel|Work behaviour|Comportamiento profesional|Comportamento profissional
Motivation & intérêts|Motivation & interests|Motivación e intereses|Motivação e interesses
Centres d'intérêt professionnels|Professional interests|Intereses profesionales|Interesses profissionais
Mécanique|Mechanical|Mecánica|Mecânica
Mémoire|Memory|Memoria|Memória
Précision|Accuracy|Precisión|Precisão
Série|Streak|Racha|Sequência
Passages en anglais + 3 affirmations : True / False / Cannot say. Banque de 12 passages (36 items) fidèle au format.|English passages + 3 statements: True / False / Cannot say. A fixed bank of 12 passages (36 items), faithful to the format.|Textos en inglés + 3 afirmaciones: True / False / Cannot say. Banco fijo de 12 textos (36 ítems), fiel al formato.|Textos em inglês + 3 afirmações: True / False / Cannot say. Banco fixo de 12 textos (36 itens), fiel ao formato.
Même format, passages inédits à chaque session (valeurs, secteurs, périodes tirés au sort). Objectif : 50 réponses exactes minimum par run.|Same format, new passages in every session (values, sectors, periods drawn at random). Goal: at least 50 correct answers per run.|Mismo formato, textos inéditos en cada sesión (valores, sectores y periodos aleatorios). Objetivo: mínimo 50 respuestas correctas por ronda.|Mesmo formato, textos inéditos em cada sessão (valores, setores e períodos aleatórios). Objetivo: mínimo 50 respostas certas por ronda.
Tableaux de données + questions chiffrées. Paper A = 48 items, Paper B = 37 items (extrait), calculateur autorisée.|Data tables + numerical questions. Paper A = 48 items, Paper B = 37 items (extract), calculator allowed.|Tablas de datos + preguntas numéricas. Paper A = 48 ítems, Paper B = 37 ítems (extracto), calculadora permitida.|Tabelas de dados + perguntas numéricas. Paper A = 48 itens, Paper B = 37 itens (excerto), calculadora permitida.
Matrices logiques : trouver les règles (forme, couleur, position, remplissage) et en déduire la case manquante.|Logic matrices: find the rules (shape, colour, position, fill) and deduce the missing cell.|Matrices lógicas: encontrar las reglas (forma, color, posición, relleno) y deducir la casilla que falta.|Matrizes lógicas: encontrar as regras (forma, cor, posição, preenchimento) e deduzir a célula em falta.
On vous donne une suite d'entrée et une suite de sortie ; sélectionnez la combinaison d'échanges qui transforme l'une en l'autre.|You are given an input sequence and an output sequence; select the combination of swaps that turns one into the other.|Se dan una secuencia de entrada y una de salida; seleccione la combinación de intercambios que transforma una en la otra.|São dadas uma sequência de entrada e uma de saída; selecione a combinação de trocas que transforma uma na outra.
Séries de figures : conjecturez la suite selon la rotation, le nombre, le remplissage ou la couleur.|Figure series: infer what comes next from rotation, number, fill or colour.|Series de figuras: deduzca la continuación según la rotación, el número, el relleno o el color.|Séries de figuras: deduza a continuação pela rotação, o número, o preenchimento ou a cor.
Deux figures très proches : identiques ou différentes ? Réponse en 2,5 secondes. Le rythme est volontairement inconfortable.|Two very similar figures: identical or different? Answer within 2.5 seconds. The pace is deliberately uncomfortable.|Dos figuras muy parecidas: ¿idénticas o diferentes? Responda en 2,5 segundos. El ritmo es deliberadamente incómodo.|Duas figuras muito semelhantes: iguais ou diferentes? Responda em 2,5 segundos. O ritmo é deliberadamente desconfortável.
5 cases clignotent brièvement dans une grille 5×5 : reproduisez-les. Le temps d'exposition diminue au fil des questions.|5 cells flash briefly in a 5×5 grid: reproduce them. Exposure time decreases as you go.|5 casillas parpadean brevemente en una cuadrícula 5×5: reprodúzcalas. El tiempo de exposición disminuye con las preguntas.|5 células piscam brevemente numa grelha 5×5: reproduza-as. O tempo de exposição diminui ao longo das perguntas.
Grille 5×5 avec cases colorées : mémorisez puis reproduisez. Variante « capacité de concentration » du dossier SKEMA.|5×5 grid with coloured cells: memorise, then reproduce. “Concentration capacity” variant.|Cuadrícula 5×5 con casillas de color: memorice y reproduzca. Variante «capacidad de concentración».|Grelha 5×5 com células coloridas: memorize e reproduza. Variante «capacidade de concentração».
Décider si une information vaut son coût : valeur de l'information, espérance, bornes binaires. Format proche de Morgan Stanley.|Decide whether information is worth its cost: value of information, expectation, binary bounds.|Decidir si una información vale su coste: valor de la información, esperanza, límites binarios.|Decidir se uma informação vale o seu custo: valor da informação, esperança, limites binários.
Engrenages, courroies, poulies, leviers, ressorts : sens de rotation et efforts.|Gears, belts, pulleys, levers, springs: direction of rotation and forces.|Engranajes, correas, poleas, palancas, resortes: sentido de giro y esfuerzos.|Engrenagens, correias, roldanas, alavancas, molas: sentido de rotação e esforços.
Affirmations à évaluer sur une échelle de fréquence. Aucune bonne réponse : le test mesure la cohérence et l'absence d'hésitation.|Statements to rate on a frequency scale. No right answer: the test measures consistency and absence of hesitation.|Afirmaciones que valorar en una escala de frecuencia. No hay respuesta correcta: se mide la coherencia y la ausencia de duda.|Afirmações a avaliar numa escala de frequência. Não há resposta certa: mede-se a coerência e a ausência de hesitação.
« À quel point souhaitez-vous… » sur une échelle de 4 points. Mesure l'adéquation au poste, pas une performance.|“How much would you like…” on a 4-point scale. Measures fit with the role, not performance.|«¿Cuánto le gustaría…» en una escala de 4 puntos. Mide la adecuación al puesto, no el rendimiento.|«Quanto gostaria de…» numa escala de 4 pontos. Mede a adequação à função, não o desempenho.
Enchaînement des principales épreuves (numérique, verbal, déductif, inductif, switch, concentration, mécanique) avec chrono par item et correction en fin de session.|Sequence of the main tests (numerical, verbal, deductive, inductive, switch, concentration, mechanical) with a timer per item and correction at the end.|Secuencia de las principales pruebas (numérica, verbal, deductiva, inductiva, switch, concentración, mecánica) con cronómetro por ítem y corrección al final.|Sequência das principais provas (numérica, verbal, dedutiva, indutiva, switch, concentração, mecânica) com cronómetro por item e correção no final.
On ne répond QUE sur la base du passage. « Cannot say » n'est pas « je ne sais pas » : c'est « le texte ne permet pas de trancher ».|Answer ONLY on the basis of the passage. “Cannot say” does not mean “I don’t know”: it means “the text does not allow a decision”.|Responda SOLO según el texto. «Cannot say» no es «no lo sé»: es «el texto no permite decidir».|Responda APENAS com base no texto. «Cannot say» não é «não sei»: é «o texto não permite decidir».
Cible = 50 réponses exactes. Vitesse : ~40 s par item, sans jamais relire le passage en entier.|Target = 50 correct answers. Speed: ~40 s per item, never rereading the whole passage.|Objetivo = 50 respuestas correctas. Velocidad: ~40 s por ítem, sin releer nunca el texto entero.|Meta = 50 respostas certas. Velocidade: ~40 s por item, sem nunca reler o texto todo.
Toujours partir de l'unité demandée, vérifier le sens de la variation, et se méfier des pièges de part/variation.|Always start from the requested unit, check the direction of the change, and beware of share/variation traps.|Parta siempre de la unidad pedida, compruebe el sentido de la variación y desconfíe de las trampas de cuota/variación.|Comece sempre pela unidade pedida, verifique o sentido da variação e desconfie das armadilhas de quota/variação.
Chercher d'abord la règle la plus simple ligne par ligne, puis colonne par colonne.|Look first for the simplest rule, row by row, then column by column.|Busque primero la regla más simple fila por fila y luego columna por columna.|Procure primeiro a regra mais simples, linha a linha, depois coluna a coluna.
Repérer d'abord la position d'un seul symbole, éliminer, puis vérifier le second.|Spot the position of a single symbol first, eliminate, then check the second.|Localice primero la posición de un solo símbolo, descarte y verifique el segundo.|Localize primeiro a posição de um só símbolo, elimine e verifique o segundo.
Chaque série n'a qu'une seule règle dominante : la chercher avant de regarder les options.|Each series has only one dominant rule: find it before looking at the options.|Cada serie tiene una sola regla dominante: búsquela antes de mirar las opciones.|Cada série tem apenas uma regra dominante: procure-a antes de ver as opções.
Ne jamais hésiter plus de 1,5 s : l'erreur coûte moins cher que l'attente.|Never hesitate more than 1.5 s: an error costs less than waiting.|No dude nunca más de 1,5 s: el error cuesta menos que la espera.|Nunca hesite mais de 1,5 s: o erro custa menos do que a espera.
Mémoriser des repères (ligne/colonne, motif), pas des positions indépendantes.|Memorise landmarks (row/column, pattern), not isolated positions.|Memorice referencias (fila/columna, patrón), no posiciones aisladas.|Memorize referências (linha/coluna, padrão), não posições isoladas.
Associer une couleur à une zone de la grille plutôt qu'à une case isolée.|Link a colour to an area of the grid rather than to a single cell.|Asocie un color a una zona de la cuadrícula y no a una casilla aislada.|Associe uma cor a uma zona da grelha em vez de a uma célula isolada.
VI = espérance avec information − espérance sans information. Comparer ensuite au coût.|VOI = expectation with information − expectation without information. Then compare with the cost.|VOI = esperanza con información − esperanza sin información. Compare después con el coste.|VOI = esperança com informação − esperança sem informação. Compare depois com o custo.
Engrenages : le sens s'inverse à chaque contact. Courroie droite : même sens. Courroie croisée : sens opposés.|Gears: the direction reverses at every contact. Straight belt: same direction. Crossed belt: opposite directions.|Engranajes: el sentido se invierte en cada contacto. Correa recta: mismo sentido. Correa cruzada: sentidos opuestos.|Engrenagens: o sentido inverte-se a cada contacto. Correia direita: mesmo sentido. Correia cruzada: sentidos opostos.
Répondre vite et rester cohérent d'une question à l'autre. L'inconfort est attendu — ne pas chercher la réponse « parfaite ».|Answer quickly and stay consistent from one question to the next. Discomfort is expected — do not look for the “perfect” answer.|Responda rápido y mantenga la coherencia entre preguntas. La incomodidad es esperada: no busque la respuesta «perfecta».|Responda depressa e mantenha a coerência entre perguntas. O desconforto é esperado — não procure a resposta «perfeita».
Répondre en fonction du poste visé (marché/trading/sales), pas de manière générique.|Answer according to the target role (markets/trading/sales), not generically.|Responda según el puesto al que aspira (mercados/trading/sales), no de forma genérica.|Responda em função da função pretendida (mercados/trading/sales), não de forma genérica.
Corpus fixe — à terminer puis à refaire pour la régularité.|Fixed corpus — finish it, then repeat it for consistency.|Corpus fijo: termínelo y repítalo para ganar regularidad.|Corpus fixo — conclua-o e repita-o para ganhar regularidade.
Batterie illimitée : à répéter jusqu'à obtenir 50/… sans faute.|Unlimited battery: repeat until you reach 50/… without a mistake.|Batería ilimitada: repita hasta lograr 50/… sin fallos.|Bateria ilimitada: repita até conseguir 50/… sem falhas.
Banque figée (37 ou 48 selon le paper choisi).|Fixed bank (37 or 48 depending on the paper chosen).|Banco fijo (37 o 48 según el paper elegido).|Banco fixo (37 ou 48 conforme o paper escolhido).
Banque figée : 12 matrices.|Fixed bank: 12 matrices.|Banco fijo: 12 matrices.|Banco fixo: 12 matrizes.
Banque figée : 30 séries, difficulté croissante.|Fixed bank: 30 series, increasing difficulty.|Banco fijo: 30 series, dificultad creciente.|Banco fixo: 30 séries, dificuldade crescente.
Banque figée : 30 séries.|Fixed bank: 30 series.|Banco fijo: 30 series.|Banco fixo: 30 séries.
Banque figée : 60 paires.|Fixed bank: 60 pairs.|Banco fijo: 60 pares.|Banco fixo: 60 pares.
Banque figée : 20 planches, temps décroissant.|Fixed bank: 20 boards, decreasing time.|Banco fijo: 20 tableros, tiempo decreciente.|Banco fixo: 20 quadros, tempo decrescente.
Banque figée : 15 planches.|Fixed bank: 15 boards.|Banco fijo: 15 tableros.|Banco fixo: 15 quadros.
Banque figée : 18 items.|Fixed bank: 18 items.|Banco fijo: 18 ítems.|Banco fixo: 18 itens.
Banque figée : 24 items.|Fixed bank: 24 items.|Banco fijo: 24 ítems.|Banco fixo: 24 itens.
Banque figée : 30 items.|Fixed bank: 30 items.|Banco fijo: 30 ítems.|Banco fixo: 30 itens.
Banque figée : 36 affirmations.|Fixed bank: 36 statements.|Banco fijo: 36 afirmaciones.|Banco fixo: 36 afirmações.
12 items disponibles|12 items available|12 ítems disponibles|12 itens disponíveis
15 items disponibles|15 items available|15 ítems disponibles|15 itens disponíveis
18 items disponibles|18 items available|18 ítems disponibles|18 itens disponíveis
20 items disponibles|20 items available|20 ítems disponibles|20 itens disponíveis
24 items disponibles|24 items available|24 ítems disponibles|24 itens disponíveis
30 items disponibles|30 items available|30 ítems disponibles|30 itens disponíveis
36 items disponibles|36 items available|36 ítems disponibles|36 itens disponíveis
40 items disponibles|40 items available|40 ítems disponibles|40 itens disponíveis
48 items disponibles|48 items available|48 ítems disponibles|48 itens disponíveis
Valider|Submit|Validar|Validar
Passer|Skip|Pasar|Passar
Quitter|Quit|Salir|Sair
Suivant|Next|Siguiente|Seguinte
Item suivant|Next item|Siguiente ítem|Item seguinte
Affirmation suivante|Next statement|Siguiente afirmación|Afirmação seguinte
Raccourcis 1-4 puis Entrée|Keys 1-4 then Enter|Teclas 1-4 y Enter|Teclas 1-4 e Enter
1-4 pour répondre · Entrée pour valider · Espace pour passer|1-4 to answer · Enter to submit · Space to skip|1-4 para responder · Enter para validar · Espacio para pasar|1-4 para responder · Enter para validar · Espaço para passar
Cliquez la figure qui complète la suite (1-3)|Click the figure that completes the series (1-3)|Haga clic en la figura que completa la serie (1-3)|Clique na figura que completa a série (1-3)
Pas de bonne réponse — choisissez vite, restez cohérent.|No right answer — answer quickly and stay consistent.|No hay respuesta correcta: responda rápido y mantenga la coherencia.|Não há resposta certa — responda depressa e mantenha a coerência.
Identiques|Identical|Iguales|Iguais
Différentes|Different|Diferentes|Diferentes
Mémorisez les cases|Memorise the cells|Memorice las casillas|Memorize as células
Reproduisez les cases|Reproduce the cells|Reproduzca las casillas|Reproduza as células
Sélection|Selection|Selección|Seleção
Réponse|Answer|Respuesta|Resposta
Thème :|Topic:|Tema:|Tema:
Cliquez les cases puis validez.|Click the cells, then submit.|Haga clic en las casillas y valide.|Clique na célula e valide.
Vous ne pouvez sélectionner que|You can select only|Solo puede seleccionar|Só pode selecionar
cases.|cells.|casillas.|células.
Quitter la session ? Les réponses déjà données sont conservées.|Quit the session? Answers already given are kept.|¿Salir de la sesión? Se conservan las respuestas ya dadas.|Sair da sessão? As respostas já dadas são mantidas.
mode entraînement|training mode|modo entrenamiento|modo de treino
mode examen|exam mode|modo examen|modo de exame
Session comportementale : aucune bonne réponse attendue. Le critère est la|Behavioural session: no right answer expected. The criterion is|Sesión conductual: no se espera respuesta correcta. El criterio es|Sessão comportamental: não se espera resposta certa. O critério é
vitesse de décision|speed of decision|velocidad de decisión|velocidade de decisão
cohérence interne|internal consistency|coherencia interna|coerência interna
et la|and|y|e
Immédiat|Immediate|Inmediato|Imediato
Fin de session|End of session|Fin de sesión|Fim de sessão
Immédiat = entraînement · Fin de session = examen|Immediate = training · End of session = exam|Inmediato = entrenamiento · Fin de sesión = examen|Imediato = treino · Fim de sessão = exame
Immédiat = entraînement · Fin de session = conditions d'examen|Immediate = training · End of session = exam conditions|Inmediato = entrenamiento · Fin de sesión = condiciones de examen|Imediato = treino · Fim de sessão = condições de exame
Nombre de questions|Number of questions|Número de preguntas|Número de perguntas
Nombre d'items|Number of items|Número de ítems|Número de itens
Banque disponible :|Available bank:|Banco disponible:|Banco disponível:
Imposé par le paper (37 ou 48) — contenu figé, identique à chaque session.|Set by the paper (37 or 48) — fixed content, identical in every session.|Impuesto por el paper (37 o 48): contenido fijo, idéntico en cada sesión.|Imposto pelo paper (37 ou 48) — conteúdo fixo, idêntico em cada sessão.
Mode strict|Strict mode|Modo estricto|Modo estrito
Chrono par item obligatoire, pas de retour en arrière|Mandatory timer per item, no going back|Cronómetro obligatorio por ítem, sin retroceso|Cronómetro obrigatório por item, sem retroceder
Début de la session|Start of session|Inicio de la sesión|Início da sessão
— terminé|— finished|— terminado|— concluído
bonnes réponses sur|correct answers out of|respuestas correctas de|respostas certas de
erreurs|errors|errores|erros
non répondues|unanswered|sin responder|sem resposta
Temps moyen|Average time|Tiempo medio|Tempo médio
Durée|Duration|Duración|Duração
Objectif ≥ 50 bonnes réponses|Target ≥ 50 correct answers|Objetivo ≥ 50 respuestas correctas|Objetivo ≥ 50 respostas certas
Refaire|Retry|Repetir|Repetir
Voir ma progression|See my progress|Ver mi progreso|Ver o meu progresso
Ventilation|Breakdown|Desglose|Repartição
Détail question par question|Question-by-question detail|Detalle pregunta por pregunta|Detalhe pergunta a pergunta
Session du|Session of|Sesión del|Sessão de
à|at|a las|às
profil|profile|perfil|perfil
Vue complète|Full view|Vista completa|Vista completa
Détail des réponses|Answer detail|Detalle de las respuestas|Detalhe das respostas
Affirmation|Statement|Afirmación|Afirmação
Votre choix|Your choice|Su elección|A sua escolha
Votre réponse|Your answer|Su respuesta|A sua resposta
Correcte|Correct|Correcta|Correta
Résultat|Result|Resultado|Resultado
Temps|Time|Tiempo|Tempo
Heure|Time of day|Hora|Hora
Explication|Explanation|Explicación|Explicação
N°|No.|N.º|N.º
Régularité (σ)|Consistency (σ)|Regularidad (σ)|Regularidade (σ)
temps moyen|average time|tiempo medio|tempo médio
Lecture du résultat|Reading the result|Lectura del resultado|Leitura do resultado
bonne réponse|correct answer|respuesta correcta|resposta certa
erreur|error|error|erro
Décisions rapides et régulières : c'est le profil recherché pour ce type de questionnaire.|Fast, steady decisions: that is the profile this type of questionnaire looks for.|Decisiones rápidas y regulares: es el perfil que busca este tipo de cuestionario.|Decisões rápidas e regulares: é o perfil que este tipo de questionário procura.
Temps homogènes : votre grille de réponse personnelle est stable.|Consistent times: your personal answering pattern is stable.|Tiempos homogéneos: su pauta personal de respuesta es estable.|Tempos homogéneos: o seu padrão pessoal de resposta é estável.
Hésitations nombreuses|Many hesitations|Muchas dudas|Muitas hesitações
Temps très irréguliers|Very irregular times|Tiempos muy irregulares|Tempos muito irregulares
l'école signale que cet inconfort est attendu — choisissez la première réponse qui vous ressemble et avancez.|the school points out that this discomfort is expected — pick the first answer that feels like you and move on.|la escuela señala que esta incomodidad es esperada: elija la primera respuesta que le represente y continúe.|a escola indica que este desconforto é esperado — escolha a primeira resposta que se pareça consigo e avance.
certains items vous mettent en difficulté. Repérez-les ci-dessous et fixez-vous une règle de réponse à l'avance.|some items put you in difficulty. Spot them below and set a response rule in advance.|algunos ítems le cuestan. Localícelos abajo y fije de antemano una regla de respuesta.|alguns itens colocam-no em dificuldade. Identifique-os abaixo e defina uma regra de resposta com antecedência.
Aucune réponse n'est « fausse » : les recruteurs analysent la|No answer is “wrong”: recruiters analyse the|Ninguna respuesta es «falsa»: los reclutadores analizan la|Nenhuma resposta é «falsa»: os recrutadores analisam a
pas les valeurs elles-mêmes.|not the values themselves.|no los valores en sí.|não os valores em si.
Aucune erreur enregistrée. Passez en mode strict ou augmentez le nombre d'items.|No error recorded. Switch to strict mode or increase the number of items.|No se ha registrado ningún error. Pase al modo estricto o aumente el número de ítems.|Nenhum erro registado. Passe ao modo estrito ou aumente o número de itens.
Chaque profil a son propre historique, horodaté|Each profile has its own history, time-stamped|Cada perfil tiene su propio historial, con fecha y hora|Cada perfil tem o seu próprio histórico, com data e hora
Profil actif|Active profile|Perfil activo|Perfil ativo
Réglages rapides|Quick settings|Ajustes rápidos|Definições rápidas
Objectif de bonnes réponses (batterie ∞)|Target number of correct answers (∞ battery)|Objetivo de respuestas correctas (batería ∞)|Objetivo de respostas certas (bateria ∞)
Valeur annoncée par l'école : 50 minimum|Value announced by the school: 50 minimum|Valor anunciado por la escuela: 50 mínimo|Valor anunciado pela escola: 50 no mínimo
Cible annoncée : 50|Announced target: 50|Objetivo anunciado: 50|Meta anunciada: 50
Exporter mes données (JSON)|Export my data (JSON)|Exportar mis datos (JSON)|Exportar os meus dados (JSON)
Effacer tout l'historique|Clear all history|Borrar todo el historial|Apagar todo o histórico
Imprimer / PDF|Print / PDF|Imprimir / PDF|Imprimir / PDF
Retour aux tâches|Back to tasks|Volver a las tareas|Voltar às tarefas
Choisir une tâche|Choose a task|Elegir una tarea|Escolher uma tarefa
Runs anglais réalisés|English runs completed|Rondas de inglés realizadas|Rondas de inglês realizadas
Batterie anglaise ∞ — meilleur run|Unlimited English battery — best run|Batería de inglés ∞ — mejor ronda|Bateria de inglês ∞ — melhor ronda
Numerical — meilleur run (paper A)|Numerical — best run (paper A)|Numerical — mejor ronda (paper A)|Numerical — melhor ronda (paper A)
jours consécutifs|consecutive days|días consecutivos|dias consecutivos
utilisés|used|usados|usados
Activité (30 derniers jours)|Activity (last 30 days)|Actividad (últimos 30 días)|Atividade (últimos 30 dias)
items sur 30 jours · série actuelle :|items over 30 days · current streak:|ítems en 30 días · racha actual:|itens em 30 dias · sequência atual:
jour(s)|day(s)|día(s)|dia(s)
Dernières sessions|Latest sessions|Últimas sesiones|Últimas sessões
Historique détaillé par session|Detailed history by session|Historial detallado por sesión|Histórico detalhado por sessão
Détail|Detail|Detalle|Detalhe
Aucune session enregistrée.|No session recorded.|No hay sesiones registradas.|Nenhuma sessão registada.
Aucune session.|No session.|Ninguna sesión.|Nenhuma sessão.
Aucune session notée pour l'instant.|No session recorded yet.|Ninguna sesión registrada por ahora.|Nenhuma sessão registada até agora.
Aucune session pour le moment. Le rapport se construit automatiquement dès la première session terminée.|No session yet. The report is built automatically from the first completed session.|Todavía no hay sesiones. El informe se genera automáticamente con la primera sesión terminada.|Ainda não há sessões. O relatório é criado automaticamente após a primeira sessão concluída.
Journal des erreurs|Error log|Registro de errores|Registo de erros
Sections les plus fragiles|Weakest sections|Secciones más frágiles|Secções mais frágeis
Priorité de travail :|Work priority:|Prioridad de trabajo:|Prioridade de trabalho:
erreurs enregistrées|errors recorded|errores registrados|erros registados
Aucun détail enregistré pour cette session.|No detail recorded for this session.|No hay detalle registrado para esta sesión.|Nenhum detalhe registado para esta sessão.
Captures originales|Original screenshots|Capturas originales|Capturas originais
Glissez vos captures ici|Drop your screenshots here|Arrastre sus capturas aquí|Arraste as suas capturas para aqui
ou cliquez pour choisir des fichiers · Ctrl+V fonctionne aussi|or click to choose files · Ctrl+V also works|o haga clic para elegir archivos · Ctrl+V también funciona|ou clique para escolher ficheiros · Ctrl+V também funciona
Aucune capture importée.|No screenshot imported.|Ninguna captura importada.|Nenhuma captura importada.
Associez chaque capture à une section pour la retrouver pendant l'entraînement.|Tag each screenshot with a section to find it during training.|Asocie cada captura a una sección para encontrarla durante el entrenamiento.|Associe cada captura a uma secção para a encontrar durante o treino.
Captures importées|Imported screenshots|Capturas importadas|Capturas importadas
Stockées en base locale (IndexedDB), jamais modifiées|Stored in a local database (IndexedDB), never modified|Guardadas en base local (IndexedDB), nunca modificadas|Guardadas em base local (IndexedDB), nunca modificadas
Les images sont conservées|Images are kept|Las imágenes se conservan|As imagens são conservadas
telles quelles|as they are|tal cual|tal como estão
(aucun recadrage, aucune modification) et stockées uniquement dans ce navigateur.|(no cropping, no modification) and stored only in this browser.|(sin recorte ni modificación) y se guardan únicamente en este navegador.|(sem recorte nem modificação) e guardadas apenas neste navegador.
Tout supprimer|Delete all|Borrar todo|Eliminar tudo
Supprimer|Delete|Eliminar|Eliminar
Capture classée|Screenshot filed|Captura clasificada|Captura classificada
Captures supprimées|Screenshots deleted|Capturas eliminadas|Capturas eliminadas
Profils & accès|Profiles & access|Perfiles y acceso|Perfis e acesso
Code d'accès du site|Site access code|Código de acceso del sitio|Código de acesso do site
Modifiable — à communiquer aux personnes autorisées|Editable — share it with authorised people|Modificable: compártalo con las personas autorizadas|Editável — partilhe-o com as pessoas autorizadas
Requis à l'ouverture du site (à communiquer aux personnes autorisées)|Required when opening the site (share it with authorised people)|Obligatorio al abrir el sitio (compártalo con las personas autorizadas)|Obrigatório na abertura do site (partilhe-o com as pessoas autorizadas)
Gérer les profils|Manage profiles|Gestionar perfiles|Gerir perfis
Nouveau profil|New profile|Nuevo perfil|Novo perfil
Entrez un prénom puis validez|Enter a first name and confirm|Introduzca un nombre y valide|Introduza um nome e valide
Profils enregistrés|Saved profiles|Perfiles guardados|Perfis guardados
Aucun autre profil enregistré.|No other profile saved.|No hay otro perfil guardado.|Nenhum outro perfil guardado.
Quitter le profil|Leave profile|Salir del perfil|Sair do perfil
Chaque profil possède son propre historique (tentatives horodatées, progression, feedback).|Each profile has its own history (time-stamped attempts, progress, feedback).|Cada perfil tiene su propio historial (intentos con fecha y hora, progreso, feedback).|Cada perfil tem o seu próprio histórico (tentativas com data e hora, progresso, feedback).
Pratique si vous prêtez la plateforme : les résultats restent séparés.|Handy if you lend the platform: results stay separate.|Práctico si presta la plataforma: los resultados permanecen separados.|Útil se emprestar a plataforma: os resultados ficam separados.
Pendant les exercices|During the exercises|Durante los ejercicios|Durante os exercícios
Raccourcis clavier|Keyboard shortcuts|Atajos de teclado|Atalhos de teclado
Données|Data|Datos|Dados
Tout est stocké localement dans ce navigateur. Aucune donnée n'est envoyée sur Internet.|Everything is stored locally in this browser. No data is sent over the Internet.|Todo se guarda localmente en este navegador. No se envía ningún dato a Internet.|Tudo é guardado localmente neste navegador. Nenhum dado é enviado para a Internet.
Reproduction et diffusion interdites. Aucune donnée ne quitte ce navigateur.|Copying and distribution prohibited. No data leaves this browser.|Prohibida su reproducción y difusión. Ningún dato sale de este navegador.|Reprodução e difusão proibidas. Nenhum dado sai deste navegador.
Plateforme personnelle d'entraînement —|Personal training platform —|Plataforma personal de entrenamiento —|Plataforma pessoal de treino —
réservée à Calvin MINANG|reserved for Calvin MINANG|reservada a Calvin MINANG|reservada a Calvin MINANG
Ne pas diffuser · Ne pas publier · Aucune donnée personnelle transmise.|Do not share · Do not publish · No personal data transmitted.|No difundir · No publicar · Ningún dato personal transmitido.|Não difundir · Não publicar · Nenhum dado pessoal transmitido.
Document strictement personnel — réservé à Calvin MINANG.|Strictly personal document — reserved for Calvin MINANG.|Documento estrictamente personal: reservado a Calvin MINANG.|Documento estritamente pessoal — reservado a Calvin MINANG.
Répondez à toutes les questions : une absence de réponse compte comme une erreur.|Answer every question: a missing answer counts as an error.|Responda a todas las preguntas: una respuesta en blanco cuenta como error.|Responda a todas as perguntas: uma resposta em branco conta como erro.
Un item = un seul passage ou un seul tableau : ne restez pas bloqué.|One item = one passage or one table: do not get stuck.|Un ítem = un solo texto o una sola tabla: no se quede bloqueado.|Um item = um só texto ou uma só tabela: não fique bloqueado.
Le chronomètre est global sur certains tests : gardez ~1 min de marge.|The timer is global on some tests: keep ~1 min of margin.|El cronómetro es global en algunas pruebas: reserve ~1 min de margen.|O cronómetro é global em alguns testes: guarde ~1 min de margem.
Batterie anglaise illimitée : viser|Unlimited English battery: aim for|Batería de inglés ilimitada: apunte a|Bateria de inglês ilimitada: vise
50 réponses exactes minimum|at least 50 correct answers|mínimo 50 respuestas correctas|no mínimo 50 respostas certas
puis verrouiller en mode strict.|then lock it in strict mode.|y luego fíjelo en modo estricto.|e depois fixe-o em modo estrito.
Aucun brouillon papier pendant les tests en ligne surveillés.|No paper draft during proctored online tests.|Sin borrador en papel durante las pruebas en línea supervisadas.|Sem rascunho em papel durante os testes online vigiados.
Les figures et questions d'origine ne doivent être ni déformées ni modifiées|The original figures and questions must not be distorted or modified|Las figuras y preguntas originales no deben deformarse ni modificarse|As figuras e perguntas originais não devem ser deformadas nem modificadas
les banques figées reprennent les mêmes formes géométriques paramétriques à chaque tirage.|the fixed banks reuse the same parametric geometric shapes on every draw.|los bancos fijos reutilizan las mismas formas geométricas paramétricas en cada tirada.|os bancos fixos reutilizam as mesmas formas geométricas paramétricas em cada sorteio.
Deux roues en contact direct tournent en sens opposés.|Two wheels in direct contact turn in opposite directions.|Dos ruedas en contacto directo giran en sentidos opuestos.|Duas rodas em contacto direto giram em sentidos opostos.
Avec un nombre impair de roues en série, la dernière tourne dans le même sens que la première.|With an odd number of wheels in series, the last one turns in the same direction as the first.|Con un número impar de ruedas en serie, la última gira en el mismo sentido que la primera.|Com um número ímpar de rodas em série, a última gira no mesmo sentido que a primeira.
Avec un nombre pair de roues, la dernière tourne en sens opposé à la première.|With an even number of wheels, the last one turns in the opposite direction to the first.|Con un número par de ruedas, la última gira en sentido opuesto a la primera.|Com um número par de rodas, a última gira em sentido oposto à primeira.
Une courroie droite (non croisée) transmet le mouvement dans le MÊME sens aux deux poulies.|A straight (uncrossed) belt transmits the movement in the SAME direction to both pulleys.|Una correa recta (no cruzada) transmite el movimiento en el MISMO sentido a ambas poleas.|Uma correia direita (não cruzada) transmite o movimento no MESMO sentido a ambas as roldanas.
Le croisement fait croiser les brins : les deux poulies tournent en sens OPPOSÉS.|Crossing swaps the strands: the two pulleys turn in OPPOSITE directions.|El cruce intercambia los ramales: las dos poleas giran en sentidos OPUESTOS.|O cruzamento troca os ramos: as duas roldanas giram em sentidos OPOSTOS.
Une poulie fixe ne réduit pas l'effort : elle change seulement la direction.|A fixed pulley does not reduce the effort: it only changes the direction.|Una polea fija no reduce el esfuerzo: solo cambia la dirección.|Uma roldana fixa não reduz o esforço: apenas muda a direção.
Deux brins porteurs divisent l'effort par 2 : 40 kg.|Two load-bearing strands divide the effort by 2: 40 kg.|Dos ramales portantes dividen el esfuerzo por 2: 40 kg.|Dois ramos portantes dividem o esforço por 2: 40 kg.
Effort = charge / nombre de brins = 90 / 3 = 30 kg.|Effort = load / number of strands = 90 / 3 = 30 kg.|Esfuerzo = carga / número de ramales = 90 / 3 = 30 kg.|Esforço = carga / número de ramos = 90 / 3 = 30 kg.
Allongement proportionnel : 4 × (12/8) = 6 cm.|Extension is proportional: 4 × (12/8) = 6 cm.|Alargamiento proporcional: 4 × (12/8) = 6 cm.|Alongamento proporcional: 4 × (12/8) = 6 cm.
Même axe : les deux roues font exactement le même nombre de tours.|Same shaft: both wheels make exactly the same number of turns.|Mismo eje: las dos ruedas dan exactamente el mismo número de vueltas.|Mesmo eixo: as duas rodas dão exatamente o mesmo número de voltas.
Roues en contact : la vitesse est transmise à l'identique (seul le sens change).|Wheels in contact: speed is transmitted identically (only the direction changes).|Ruedas en contacto: la velocidad se transmite igual (solo cambia el sentido).|Rodas em contacto: a velocidade é transmitida de forma idêntica (só o sentido muda).
Nombre impair de roues → même sens que A.|Odd number of wheels → same direction as A.|Número impar de ruedas → mismo sentido que A.|Número ímpar de rodas → mesmo sentido que A.
Même axe → même vitesse angulaire.|Same shaft → same angular speed.|Mismo eje → misma velocidad angular.|Mesmo eixo → mesma velocidade angular.
Courroie croisée → sens opposés. A horaire ⇒ B antihoraire.|Crossed belt → opposite directions. A clockwise ⇒ B anticlockwise.|Correa cruzada → sentidos opuestos. A horario ⇒ B antihorario.|Correia cruzada → sentidos opostos. A horário ⇒ B anti-horário.
Valeur de l'information parfaite = 0,8 × 20 000 = 16 000 €.|Value of perfect information = 0.8 × 20,000 = €16,000.|Valor de la información perfecta = 0,8 × 20 000 = 16 000 €.|Valor da informação perfeita = 0,8 × 20 000 = 16 000 €.
Valeur de l'information = 0,25 × 12 000 = 3 000 € < 3 500 € : refus. Piège classique.|Value of information = 0.25 × 12,000 = €3,000 < €3,500: refuse. A classic trap.|Valor de la información = 0,25 × 12 000 = 3 000 € < 3 500 €: rechazar. Trampa clásica.|Valor da informação = 0,25 × 12 000 = 3 000 € < 3 500 €: recusar. Armadilha clássica.
VI = espérance avec information − espérance sans = 9 000 − 6 000 = 3 000 €.|VOI = expectation with information − expectation without = 9,000 − 6,000 = €3,000.|VOI = esperanza con información − esperanza sin = 9 000 − 6 000 = 3 000 €.|VOI = esperança com informação − esperança sem = 9 000 − 6 000 = 3 000 €.
Espérance = 4 000 € > 3 000 € : participer est rentable.|Expectation = €4,000 > €3,000: taking part is profitable.|Esperanza = 4 000 € > 3 000 €: participar es rentable.|Esperança = 4 000 € > 3 000 €: participar é rentável.
Probabilité de majorité exacte sur 3 pièces équilibrées = 1/2 (toutes combinaisons de parité).|Probability of an exact majority with 3 fair coins = 1/2 (all parity combinations).|Probabilidad de mayoría exacta con 3 monedas equilibradas = 1/2 (todas las combinaciones de paridad).|Probabilidade de maioria exata com 3 moedas equilibradas = 1/2 (todas as combinações de paridade).
log₂(52) ≈ 5,7 → 6 questions (borne supérieure entière).|log₂(52) ≈ 5.7 → 6 questions (rounded-up bound).|log₂(52) ≈ 5,7 → 6 preguntas (límite superior entero).|log₂(52) ≈ 5,7 → 6 perguntas (limite superior inteiro).
Coût > valeur de l'information : refus.|Cost > value of information: refuse.|Coste > valor de la información: rechazar.|Custo > valor da informação: recusar.
log₂(4) = 2 questions suffisent.|log₂(4) = 2 questions are enough.|log₂(4) = 2 preguntas bastan.|log₂(4) = 2 perguntas bastam.
Les deux sources concordent : P = 0,9² / (0,9² + 0,1²) = 0,81/0,82 ≈ 0,988 → 0,99.|Both sources agree: P = 0.9² / (0.9² + 0.1²) = 0.81/0.82 ≈ 0.988 → 0.99.|Ambas fuentes coinciden: P = 0,9² / (0,9² + 0,1²) = 0,81/0,82 ≈ 0,988 → 0,99.|As duas fontes concordam: P = 0,9² / (0,9² + 0,1²) = 0,81/0,82 ≈ 0,988 → 0,99.
Gain espéré = 0,2 × 6 000 = 1 200 € > 1 000 € : oui, de justesse.|Expected gain = 0.2 × 6,000 = €1,200 > €1,000: yes, just barely.|Ganancia esperada = 0,2 × 6 000 = 1 200 € > 1 000 €: sí, por poco.|Ganho esperado = 0,2 × 6 000 = 1 200 € > 1 000 €: sim, por pouco.
Probabilité 1/8, gain espéré 75 € < 500 €.|Probability 1/8, expected gain €75 < €500.|Probabilidad 1/8, ganancia esperada 75 € < 500 €.|Probabilidade 1/8, ganho esperado 75 € < 500 €.
Les deux experts étant symétriques et indépendants, aucune règle ne permet de trancher : les deux hypothèses restent équiprobables.|As both experts are symmetric and independent, no rule can settle it: both hypotheses remain equally likely.|Al ser los dos expertos simétricos e independientes, ninguna regla permite decidir: ambas hipótesis siguen siendo equiprobables.|Sendo os dois especialistas simétricos e independentes, nenhuma regra permite decidir: as duas hipóteses permanecem equiprováveis.
Avec info : 9 000 € ; sans info : 6 500 € (espérance). VI = 2 500 €.|With information: €9,000; without: €6,500 (expectation). VOI = €2,500.|Con información: 9 000 €; sin información: 6 500 € (esperanza). VOI = 2 500 €.|Com informação: 9 000 €; sem informação: 6 500 € (esperança). VOI = 2 500 €.
Calcul direct sur le tableau|Direct calculation from the table|Cálculo directo sobre la tabla|Cálculo direto na tabela
La bonne option reproduit exactement la permutation observée.|The right option reproduces exactly the permutation observed.|La opción correcta reproduce exactamente la permutación observada.|A opção correta reproduz exatamente a permutação observada.
La forme alterne entre deux états qui se succèdent.|The shape alternates between two successive states.|La forma alterna entre dos estados que se suceden.|A forma alterna entre dois estados que se sucedem.
Le nombre de points augmente puis recommence.|The number of dots increases, then starts again.|El número de puntos aumenta y luego vuelve a empezar.|O número de pontos aumenta e depois recomeça.
L'état plein et l'état vide alternent.|The filled and empty states alternate.|El estado lleno y el estado vacío se alternan.|O estado cheio e o estado vazio alternam.
Le motif change toutes les trois cases et revient.|The pattern changes every three cells and returns.|El patrón cambia cada tres casillas y vuelve.|O padrão muda a cada três células e regressa.
La forme tourne d'un quart de tour vers la droite.|The shape rotates a quarter turn to the right.|La forma gira un cuarto de vuelta hacia la derecha.|A forma roda um quarto de volta para a direita.
Réinitialiser tout l'historique et les réglages ?|Reset all history and settings?|¿Reiniciar todo el historial y los ajustes?|Reiniciar todo o histórico e as definições?
Historique effacé|History cleared|Historial borrado|Histórico apagado
Données importées|Data imported|Datos importados|Dados importados
Export généré|Export generated|Exportación generada|Exportação gerada
Réinitialisé|Reset done|Reiniciado|Reiniciado
Réglage enregistré|Setting saved|Ajuste guardado|Definição guardada
Enregistré|Saved|Guardado|Guardado
Erreurs enregistrées|Errors recorded|Errores registrados|Erros registados
Profil|Profile|Perfil|Perfil
Bonne réponse|Correct answer|Respuesta correcta|Resposta certa
Réponse donnée|Given answer|Respuesta dada|Resposta dada
Temps (ms)|Time (ms)|Tiempo (ms)|Tempo (ms)
Profil ; Session ; Date ; Heure|Profile;Session;Date;Time|Perfil;Sesión;Fecha;Hora|Perfil;Sessão;Data;Hora
changer|change|cambiar|mudar
Restant|Remaining|Restante|Restante
Méthode|Method|Método|Método
~ 15 minute(s)|~ 15 min|~ 15 min|~ 15 min
~ 13 minute(s)|~ 13 min|~ 13 min|~ 13 min
~ 9 minute(s)|~ 9 min|~ 9 min|~ 9 min
~ 6 minute(s)|~ 6 min|~ 6 min|~ 6 min
~ 8 minute(s)|~ 8 min|~ 8 min|~ 8 min
~ 3 minute(s)|~ 3 min|~ 3 min|~ 3 min
~ 4 minute(s)|~ 4 min|~ 4 min|~ 4 min
~ 10 minute(s)|~ 10 min|~ 10 min|~ 10 min
~ 49 minute(s)|~ 49 min|~ 49 min|~ 49 min
~ 5 minute(s)|~ 5 min|~ 5 min|~ 5 min
~ 12 minute(s)|~ 12 min|~ 12 min|~ 12 min
Langue de l'interface et des consignes|Interface and instruction language|Idioma de la interfaz y de las instrucciones|Idioma da interface e das instruções
Progression du plan : chaque section compte pour 3 sessions réussies (≥ 85 %)|Plan progress: each section counts for 3 successful sessions (≥ 85%)|Progreso del plan: cada sección cuenta como 3 sesiones superadas (≥ 85 %)|Progresso do plano: cada secção conta como 3 sessões bem-sucedidas (≥ 85 %)
Historique|History|Historial|Histórico
Exporter|Export|Exportar|Exportar
Erreur|Error|Error|Erro
sans bonne réponse|no correct answer|sin respuesta correcta|sem resposta certa
Réponse incorrecte|Incorrect answer|Respuesta incorrecta|Resposta errada
Sans bonne réponse|No correct answer|Sin respuesta correcta|Sem resposta certa
Bip à chaque bonne / mauvaise réponse|Beep on each right / wrong answer|Pitido en cada respuesta correcta / incorrecta|Sinal sonoro em cada resposta certa / errada
Méthode — rappel du dossier source|Method — reminder from the source file|Método: recordatorio del expediente original|Método — recordatório do dossiê original
Concentration et learning efficiency : temps très court, l'entraînement passe avant la réflexion.|Concentration and learning efficiency: very short times, practice comes before thinking.|Concentración y learning efficiency: tiempos muy cortos, el entrenamiento prima sobre la reflexión.|Concentração e learning efficiency: tempos muito curtos, o treino vem antes da reflexão.
Comportement professionnel et motivation : l'inconfort du choix rapide est attendu ; la cohérence est le critère.|Work behaviour and motivation: the discomfort of choosing fast is expected; consistency is the criterion.|Comportamiento profesional y motivación: la incomodidad de elegir rápido es esperada; la coherencia es el criterio.|Comportamento profissional e motivação: o desconforto da escolha rápida é esperado; a coerência é o critério.
— suivi local, horodaté au jour et à l'heure, aucune donnée envoyée. Chaque tentative est conservée avec le détail de ses questions.|— local tracking, time-stamped to the day and hour, no data sent. Every attempt is kept with the detail of its questions.|— seguimiento local, con fecha y hora exactas, sin enviar datos. Cada intento se conserva con el detalle de sus preguntas.|— acompanhamento local, com data e hora exatas, sem enviar dados. Cada tentativa é guardada com o detalhe das suas perguntas.
Importez ici les captures du dossier Drive|Import your reference screenshots here|Importe aquí sus capturas de referencia|Importe aqui as suas capturas de referência
💡 Traitement de l'information|💡 Information processing|💡 Tratamiento de la información|💡 Tratamento da informação
⚙️ Raisonnement mécanique|⚙️ Mechanical reasoning|⚙️ Razonamiento mecánico|⚙️ Raciocínio mecânico
🧠 Mémoire de travail|🧠 Working memory|🧠 Memoria de trabajo|🧠 Memória de trabalho
🧭 Comportement professionnel|🧭 Work behaviour|🧭 Comportamiento profesional|🧭 Comportamento profissional
Vous trouverez ci-dessous la liste des tâches d'entraînement. Vous devez accomplir toutes ces tâches avant le test. Veillez à vous assurer que vous êtes dans un environnement confortable, où vous pouvez vous concentrer sans être interrompu(e). Avant de commencer chaque exercice, vous pouvez sélectionner la langue des consignes qui vous convient le mieux. Les banques de questions marquées|Below is the list of training tasks. You must complete all of them before the test. Make sure you are in a comfortable environment where you can concentrate without interruptions. Before starting each exercise, you can select the instruction language that suits you best. Question banks marked|A continuación encontrará la lista de tareas de entrenamiento. Debe completarlas todas antes de la prueba. Asegúrese de estar en un entorno cómodo, donde pueda concentrarse sin interrupciones. Antes de empezar cada ejercicio, puede seleccionar el idioma de las instrucciones que más le convenga. Los bancos de preguntas marcados|Abaixo está a lista de tarefas de treino. Deve concluí-las todas antes do teste. Certifique-se de que está num ambiente confortável, onde se possa concentrar sem interrupções. Antes de começar cada exercício, pode selecionar o idioma das instruções que mais lhe convém. Os bancos de perguntas marcados
Les figures et questions d'origine ne doivent être ni déformées ni modifiées : les banques figées reprennent les mêmes formes géométriques paramétriques à chaque tirage.|The original figures and questions must not be distorted or modified: the fixed banks reuse the same parametric geometric shapes on every draw.|Las figuras y preguntas originales no deben deformarse ni modificarse: los bancos fijos reutilizan las mismas formas geométricas paramétricas en cada tirada.|As figuras e perguntas originais não devem ser deformadas nem modificadas: os bancos fixos reutilizam as mesmas formas geométricas paramétricas em cada sorteio.
. Les images sont conservées|. Images are kept|. Las imágenes se conservan|. As imagens são conservadas
Bibliothèque|Library|Biblioteca|Biblioteca
Vérrouillée|Locked|Bloqueada|Bloqueada
Terminée|Completed|Completada|Concluída
Expirée|Expired|Caducada|Expirada
Entretien refusé|Interview refused|Entrevista rechazada|Entrevista recusada
Réinitialiser|Reset|Reiniciar|Reiniciar
Statut|Status|Estado|Estado
## ── NUMERICAL REASONING — format réel (cut-e / Maki) ──────────────
format réel · 6 onglets · 12 min|real format · 6 tabs · 12 min|formato real · 6 pestañas · 12 min|formato real · 6 separadores · 12 min
Question|Question|Pregunta|Pergunta
true = vrai · false = faux · cannot say = l’information ne figure pas dans les figures|true = true · false = false · cannot say = the information is not in the figures|true = verdadero · false = falso · cannot say = la información no figura en los gráficos|true = verdadeiro · false = falso · cannot say = a informação não consta nos gráficos
Question précédente|Previous question|Pregunta anterior|Pergunta anterior
Question suivante|Next question|Pregunta siguiente|Pergunta seguinte
Vue d’ensemble des questions|Question overview|Vista general de las preguntas|Vista geral das perguntas
Cliquez un numéro pour revenir sur une question. Les réponses restent modifiables jusqu’à la fin du temps.|Click a number to go back to a question. Answers stay editable until time runs out.|Haga clic en un número para volver a una pregunta. Las respuestas siguen siendo modificables hasta que acabe el tiempo.|Clique num número para voltar a uma pergunta. As respostas continuam editáveis até ao fim do tempo.
Fermer|Close|Cerrar|Fechar
Toutes les questions|All questions|Todas las preguntas|Todas as perguntas
répondue|answered|respondida|respondida
sans réponse|not answered|sin respuesta|sem resposta
6 onglets · true / false / cannot say|6 tabs · true / false / cannot say|6 pestañas · true / false / cannot say|6 separadores · true / false / cannot say
12 min · 37 questions|12 min · 37 questions|12 min · 37 preguntas|12 min · 37 perguntas
Variante QCM classique →|Classic multiple-choice variant →|Variante de opción múltiple →|Variante de escolha múltipla →
Format du test réel|Real test format|Formato de la prueba real|Formato do teste real
6 onglets de figures (Income, Costs, Market shares, Employees, Return on equity, Outlook) — 37 énoncés true / false / cannot say|6 figure tabs (Income, Costs, Market shares, Employees, Return on equity, Outlook) — 37 statements to answer true / false / cannot say|6 pestañas de figuras (Income, Costs, Market shares, Employees, Return on equity, Outlook) — 37 afirmaciones true / false / cannot say|6 separadores de figuras (Income, Costs, Market shares, Employees, Return on equity, Outlook) — 37 afirmações true / false / cannot say
Durée imposée|Fixed duration|Duración impuesta|Duração imposta
12 minutes, chrono global — ~19 s par énoncé|12 minutes, global timer — ~19 s per statement|12 minutos, cronómetro global — ~19 s por afirmación|12 minutos, cronómetro global — ~19 s por afirmação
Format réel du test : 6 onglets de figures (Income, Costs, Market shares, Employees, Return on equity, Outlook) et 37 énoncés à trancher true / false / cannot say, en 12 minutes. Chaque question renvoie automatiquement à son onglet.|Real test format: 6 figure tabs (Income, Costs, Market shares, Employees, Return on equity, Outlook) and 37 statements to answer true / false / cannot say, in 12 minutes. Each question automatically opens its tab.|Formato real de la prueba: 6 pestañas de figuras (Income, Costs, Market shares, Employees, Return on equity, Outlook) y 37 afirmaciones que responder true / false / cannot say, en 12 minutos. Cada pregunta abre automáticamente su pestaña.|Formato real do teste: 6 separadores de figuras (Income, Costs, Market shares, Employees, Return on equity, Outlook) e 37 afirmações a responder true / false / cannot say, em 12 minutos. Cada pergunta abre automaticamente o seu separador.
La difficulté est le rythme : ~19 s par énoncé, 6 onglets à balayer. Lisez la figure de l’onglet courant, vérifiez l’énoncé, tranchez — ne relisez pas tout.|The difficulty is the pace: ~19 s per statement, 6 tabs to scan. Read the current tab's figure, check the statement, decide — do not reread everything.|La dificultad es el ritmo: ~19 s por afirmación, 6 pestañas que recorrer. Lea la figura de la pestaña actual, compruebe la afirmación y decida: no lo relea todo.|A dificuldade é o ritmo: ~19 s por afirmação, 6 separadores para percorrer. Leia a figura do separador atual, verifique a afirmação e decida — não releia tudo.
37 questions · 12 min · 6 onglets — conditions réelles.|37 questions · 12 min · 6 tabs — real conditions.|37 preguntas · 12 min · 6 pestañas — condiciones reales.|37 perguntas · 12 min · 6 separadores — condições reais.
Variante d’entraînement : tableaux de données + questions à choix multiples. Paper A = 48 items, Paper B = 37 items (extrait), calculateur autorisée.|Training variant: data tables + multiple-choice questions. Paper A = 48 items, Paper B = 37 items (extract), calculator allowed.|Variante de entrenamiento: tablas de datos + preguntas de opción múltiple. Paper A = 48 ítems, Paper B = 37 ítems (extracto), calculadora permitida.|Variante de treino: tabelas de dados + perguntas de escolha múltipla. Paper A = 48 itens, Paper B = 37 itens (excerto), calculadora permitida.
