organization,city,country,latitude,longitude,source_scope,source_url,source_note
BNP Paribas,Paris,France,48.8566,2.3522,BNP Paribas Securities Services locations,https://securities.cib.bnpparibas/who-we-are/our-locations/,"Selected public CIB business-line location"
BNP Paribas,London,United Kingdom,51.5072,-0.1276,BNP Paribas Securities Services locations,https://securities.cib.bnpparibas/who-we-are/our-locations/,"Selected public CIB business-line location"
BNP Paribas,Frankfurt,Germany,50.1109,8.6821,BNP Paribas Securities Services locations,https://securities.cib.bnpparibas/who-we-are/our-locations/,"Selected public CIB business-line location"
BNP Paribas,Milan,Italy,45.4642,9.1900,BNP Paribas Securities Services locations,https://securities.cib.bnpparibas/who-we-are/our-locations/,"Selected public CIB business-line location"
BNP Paribas,Madrid,Spain,40.4168,-3.7038,BNP Paribas Securities Services locations,https://securities.cib.bnpparibas/who-we-are/our-locations/,"Selected public CIB business-line location"
BNP Paribas,Luxembourg,Luxembourg,49.6116,6.1319,BNP Paribas Securities Services locations,https://securities.cib.bnpparibas/who-we-are/our-locations/,"Luxembourg benchmark node"
CACIB,Paris,France,48.8566,2.3522,CACIB Leveraged Finance Europe locations,https://www.ca-cib.com/en/expertise/solutions-support-your-financing-strategy/supporting-your-financing-needs/leveraged-0,"Selected public CIB business-line location"
CACIB,London,United Kingdom,51.5072,-0.1276,CACIB Leveraged Finance Europe locations,https://www.ca-cib.com/en/expertise/solutions-support-your-financing-strategy/supporting-your-financing-needs/leveraged-0,"Selected public CIB business-line location"
CACIB,Frankfurt,Germany,50.1109,8.6821,CACIB Leveraged Finance Europe locations,https://www.ca-cib.com/en/expertise/solutions-support-your-financing-strategy/supporting-your-financing-needs/leveraged-0,"Selected public CIB business-line location"
CACIB,Milan,Italy,45.4642,9.1900,CACIB Leveraged Finance Europe locations,https://www.ca-cib.com/en/expertise/solutions-support-your-financing-strategy/supporting-your-financing-needs/leveraged-0,"Selected public CIB business-line location"
CACIB,Madrid,Spain,40.4168,-3.7038,CACIB Leveraged Finance Europe locations,https://www.ca-cib.com/en/expertise/solutions-support-your-financing-strategy/supporting-your-financing-needs/leveraged-0,"Selected public CIB business-line location"
CACIB,Stockholm,Sweden,59.3293,18.0686,CACIB Leveraged Finance Europe locations,https://www.ca-cib.com/en/expertise/solutions-support-your-financing-strategy/supporting-your-financing-needs/leveraged-0,"Selected public CIB business-line location"
CACIB,Luxembourg,Luxembourg,49.6116,6.1319,CACIB Finance Luxembourg,https://www.documentation.ca-cib.com/IssuerInformation/DownloadDocument?id=9386979c-4da7-4764-89f1-89b15803a189,"Local issuer entity; not a proxy for all CACIB Luxembourg activities"
