brand_id,brand,territory,scope,product_cluster,publicly_named_products,client_segments,source_url,source_note
bnp_fr,BNP CIB,France,group-level,Capital markets & risk,Global Markets; FX; rates; equities; derivatives,Corporates; financial institutions; institutional investors,https://cib.bnpparibas/cib-at-a-glance/,"BNP CIB global offer; group-level, not France-only"
bnp_fr,BNP CIB,France,group-level,Financing & advisory,Global Banking; financing; cash management; financial advice,Corporates; financial institutions; institutional investors,https://cib.bnpparibas/cib-at-a-glance/,"BNP CIB global offer; group-level, not France-only"
bnp_fr,BNP CIB,France,group-level,Securities services,Custody; clearing; asset servicing; fund services,Asset managers; institutional investors; financial institutions,https://securities.cib.bnpparibas/who-we-are/our-locations/,"Public Securities Services perimeter"
bnp_fr,BNP CIB,France,group-level,Specialist platform,CIB platform; risk management; trade finance,Corporates; institutional clients,https://cib.bnpparibas/emea/,"Public CIB EMEA offer"
cacib_fr,CACIB,France,group-level,Capital markets & risk,Origination; structuring; securitisation; sales; trading,Corporates; financial institutions,https://activity-report.ca-cib.com/market-activities/,"CACIB market activities public description"
cacib_fr,CACIB,France,group-level,Financing & advisory,Syndicated loans; structured finance; project finance; advisory,Corporates; financial institutions; public sector,https://www.ca-cib.com/en/about-us/discover-credit-agricole-cib, "CACIB public business activities"
cacib_fr,CACIB,France,group-level,Sustainable / trade finance,Green bonds; sustainable loans; trade finance; cash management,Corporates; financial institutions; public sector,https://www.ca-cib.com/en/about-us/discover-credit-agricole-cib,"CACIB public business activities"
cacib_fr,CACIB,France,group-level,Specialist platform,Energy & infrastructure; asset finance; real estate finance,Large corporates; institutional clients,https://www.ca-cib.com/sites/default/files/2026-03/URD_CACIB_2025_ENG_0.pdf,"CACIB 2025 Universal Registration Document"
bnp_lu,BNP CIB,Luxembourg,local-entity,Capital markets & risk,Forex; brokerage; capital markets,Corporate and institutional clients; BGL BNP Paribas clients,https://www.bnpparibas.lu/en/businesses/corporate-and-institutional-client/,"Named Luxembourg CIB offer"
bnp_lu,BNP CIB,Luxembourg,local-entity,Financing & advisory,Global Markets-Credit; structured financing; Prime Solutions Financing & Equity Finance,Corporate and institutional clients; financial institutions,https://www.bnpparibas.lu/en/businesses/corporate-and-institutional-client/corporate-institutional-banking/,"Five named local CIB activities"
bnp_lu,BNP CIB,Luxembourg,local-entity,Specialist local,Asset Leasing Solutions; Financial Institutions Coverage; asset-liability management,Financial institutions; corporates; institutional clients,https://www.bnpparibas.lu/en/businesses/corporate-and-institutional-client/corporate-institutional-banking/,"Five named local CIB activities"
caceis_lu,CACEIS Investor Services,Luxembourg,local-entity,Securities services,Custody; clearing; depositary; trustee,Asset managers; institutional investors; pension funds; banks,https://www.caceis.com/fileadmin/documents/pdf/Insights/Corporate/2025/BROCHURE_2025_EN.pdf,"CACEIS asset-servicing product architecture"
caceis_lu,CACEIS Investor Services,Luxembourg,local-entity,Asset / fund services,Fund administration; shareholder services; private capital services,Asset managers; investment funds; private equity; real estate funds,https://www.caceis.com/fileadmin/documents/pdf/Who-We-Are/Where-to-find-us/Luxembourg/2023-CACEIS-IS-Bank-CSR-Report.pdf,"CACEIS Investor Services Bank Luxembourg public services"
caceis_lu,CACEIS Investor Services,Luxembourg,local-entity,Treasury & markets,Treasury; market services; securities lending,Asset managers; banks; brokers; institutional investors,https://www.caceis.com/fileadmin/documents/pdf/Who-We-Are/Where-to-find-us/Luxembourg/2023-CACEIS-IS-Bank-CSR-Report.pdf,"CACEIS Investor Services Bank Luxembourg public services"
caceis_lu,CACEIS Investor Services,Luxembourg,local-entity,Specialist local,Middle-office; finance solutions; issuer services,Asset managers; corporate clients; private capital,https://www.caceis.com/who-we-are/,"CACEIS group offer; local entity scope remains qualified"
